keyword,us_monthly_search_estimate,estimate_state,monthly_series_start,monthly_series_end,retrieved_at_utc,source
nonprofit grant proposal review,,unreported,,,2026-09-09T17:59:59.267096+00:00,DataForSEO Google Ads search_volume/live
grant application review service,,unreported,,,2026-09-09T17:59:59.267096+00:00,DataForSEO Google Ads search_volume/live
nonprofit grant editing services,,unreported,,,2026-09-09T17:59:59.267096+00:00,DataForSEO Google Ads search_volume/live
nonprofit grant proposal review service,,unreported,,,2026-09-09T17:59:59.267096+00:00,DataForSEO Google Ads search_volume/live
grant proposal review services,,unreported,,,2026-09-09T17:59:59.267096+00:00,DataForSEO Google Ads search_volume/live
grant proposal editing services,10,reported,2025-08,2026-07,2026-09-09T17:59:59.267096+00:00,DataForSEO Google Ads search_volume/live
grant editing services,,unreported,,,2026-09-09T17:59:59.267096+00:00,DataForSEO Google Ads search_volume/live
grant application review,210,reported,2025-08,2026-07,2026-09-09T17:59:59.267096+00:00,DataForSEO Google Ads search_volume/live
grant letter of inquiry writing service,,unreported,,,2026-09-09T17:59:59.267096+00:00,DataForSEO Google Ads search_volume/live
hire a grant LOI writer,,unreported,,,2026-09-09T17:59:59.267096+00:00,DataForSEO Google Ads search_volume/live
nonprofit LOI writing services,,unreported,,,2026-09-09T17:59:59.267096+00:00,DataForSEO Google Ads search_volume/live
letter of inquiry writing services,,unreported,,,2026-09-09T17:59:59.267096+00:00,DataForSEO Google Ads search_volume/live
grant LOI writing,,unreported,,,2026-09-09T17:59:59.267096+00:00,DataForSEO Google Ads search_volume/live
one-time grant writing services,,unreported,,,2026-09-09T17:59:59.267096+00:00,DataForSEO Google Ads search_volume/live
foundation grant application writing service,,unreported,,,2026-09-09T17:59:59.267096+00:00,DataForSEO Google Ads search_volume/live
hire a grant writer for one application,,unreported,,,2026-09-09T17:59:59.267096+00:00,DataForSEO Google Ads search_volume/live
foundation grant writing services,,unreported,,,2026-09-09T17:59:59.267096+00:00,DataForSEO Google Ads search_volume/live
grant writing services for small nonprofits,,unreported,,,2026-09-09T17:59:59.267096+00:00,DataForSEO Google Ads search_volume/live
grant writing help without a retainer,,unreported,,,2026-09-09T17:59:59.267096+00:00,DataForSEO Google Ads search_volume/live
nonprofit grant writing services,260,reported,2025-08,2026-07,2026-09-09T17:59:59.267096+00:00,DataForSEO Google Ads search_volume/live
grant writing services for nonprofits,110,reported,2025-08,2026-07,2026-09-09T17:59:59.267096+00:00,DataForSEO Google Ads search_volume/live
grant proposal writing services,50,reported,2025-08,2026-07,2026-09-09T17:59:59.267096+00:00,DataForSEO Google Ads search_volume/live
grant writer for nonprofits,880,reported,2025-08,2026-07,2026-09-09T17:59:59.267096+00:00,DataForSEO Google Ads search_volume/live
grant writing services,1300,reported,2025-08,2026-07,2026-09-09T17:59:59.267096+00:00,DataForSEO Google Ads search_volume/live
grant proposal review cost,,unreported,,,2026-09-09T17:59:59.267096+00:00,DataForSEO Google Ads search_volume/live
nonprofit grant writing fees,,unreported,,,2026-09-09T17:59:59.267096+00:00,DataForSEO Google Ads search_volume/live
grant writing cost,110,reported,2025-08,2026-07,2026-09-09T17:59:59.267096+00:00,DataForSEO Google Ads search_volume/live
cost to hire a grant writer,,unreported,,,2026-09-09T17:59:59.267096+00:00,DataForSEO Google Ads search_volume/live
nonprofit grant letter of inquiry example,,unreported,,,2026-09-09T17:59:59.267096+00:00,DataForSEO Google Ads search_volume/live
grant letter of inquiry example,90,reported,2025-08,2026-07,2026-09-09T17:59:59.267096+00:00,DataForSEO Google Ads search_volume/live
