query,organic_rank_group,absolute_result_position,url,retrieved_at_utc,country,language,device
nonprofit grant writing services,1,2,https://www.grantwritingfirm.com/,2026-09-09T18:05:13.542902+00:00,United States,en,desktop
nonprofit grant writing services,2,3,https://jm-aq.com/services/proposal-development-grant-writing/,2026-09-09T18:05:13.542902+00:00,United States,en,desktop
nonprofit grant writing services,3,5,https://grantsplus.com/insights/blog/grant-writing-support/nonprofit-grant-writing/,2026-09-09T18:05:13.542902+00:00,United States,en,desktop
nonprofit grant writing services,4,6,https://www.dhleonardconsulting.com/,2026-09-09T18:05:13.542902+00:00,United States,en,desktop
nonprofit grant writing services,5,7,https://technicalwriterhq.com/writing-services/grant-writing-services/,2026-09-09T18:05:13.542902+00:00,United States,en,desktop
nonprofit grant writing services,6,8,https://www.professionalgrantwriter.org/,2026-09-09T18:05:13.542902+00:00,United States,en,desktop
nonprofit grant writing services,7,9,https://elevatedeffect.com/,2026-09-09T18:05:13.542902+00:00,United States,en,desktop
nonprofit grant writing services,8,10,https://www.spl.org/programs-and-services/business-and-nonprofit/nonprofits/nonprofit-grantwriting,2026-09-09T18:05:13.542902+00:00,United States,en,desktop
nonprofit grant writing services,9,11,https://grantwritingandfunding.com/grant-writer-directory,2026-09-09T18:05:13.542902+00:00,United States,en,desktop
grant writer for nonprofits,1,2,https://grantsplus.com/insights/blog/grant-writing-support/nonprofit-grant-writing/,2026-09-09T18:05:19.643108+00:00,United States,en,desktop
grant writer for nonprofits,2,3,https://www.nonprofitready.org/grant-writing-classes,2026-09-09T18:05:19.643108+00:00,United States,en,desktop
grant writer for nonprofits,3,5,https://www.professionalgrantwriter.org/,2026-09-09T18:05:19.643108+00:00,United States,en,desktop
grant writer for nonprofits,4,6,https://www.spl.org/programs-and-services/business-and-nonprofit/nonprofits/nonprofit-grantwriting,2026-09-09T18:05:19.643108+00:00,United States,en,desktop
grant writer for nonprofits,5,7,https://www.indeed.com/q-non-profit-grant-writer-jobs.html,2026-09-09T18:05:19.643108+00:00,United States,en,desktop
grant writer for nonprofits,6,8,https://www.nonprofitgrantwriters.com/,2026-09-09T18:05:19.643108+00:00,United States,en,desktop
grant writer for nonprofits,7,9,https://www.thegrantportal.com/hire-a-grant-writer,2026-09-09T18:05:19.643108+00:00,United States,en,desktop
grant writer for nonprofits,8,10,https://www.upwork.com/hire/grant-writers/,2026-09-09T18:05:19.643108+00:00,United States,en,desktop
grant writer for nonprofits,9,11,https://kindsight.io/grant-writer/,2026-09-09T18:05:19.643108+00:00,United States,en,desktop
grant proposal editing services,1,2,https://www.researchconcierge.pitt.edu/researchproposaleditingservice,2026-09-09T18:05:21.997763+00:00,United States,en,desktop
grant proposal editing services,2,3,https://authorservices.springernature.com/grant-proposal-editing-service/,2026-09-09T18:05:21.997763+00:00,United States,en,desktop
grant proposal editing services,3,4,https://proofreading.org/grant-writing-services/,2026-09-09T18:05:21.997763+00:00,United States,en,desktop
grant proposal editing services,4,5,https://ictr.wisc.edu/service/grant-editing-services/,2026-09-09T18:05:21.997763+00:00,United States,en,desktop
grant proposal editing services,5,7,https://www.biosciencewriters.com/ScientificGrantProposals.aspx,2026-09-09T18:05:21.997763+00:00,United States,en,desktop
grant proposal editing services,6,8,https://www.enago.com/publication-support-services/grant-writing-services/,2026-09-09T18:05:21.997763+00:00,United States,en,desktop
grant proposal editing services,7,9,https://www.aje.com/services/grants,2026-09-09T18:05:21.997763+00:00,United States,en,desktop
grant proposal editing services,8,10,https://ctsi.wakehealth.edu/service/scientific-editing-services,2026-09-09T18:05:21.997763+00:00,United States,en,desktop
grant proposal editing services,9,11,https://funding.asu.edu/proposal-development/research-editing,2026-09-09T18:05:21.997763+00:00,United States,en,desktop
grant application review,1,2,https://www.ojp.gov/funding/grants101/application-review-process,2026-09-09T18:05:25.480777+00:00,United States,en,desktop
grant application review,2,3,https://grants.nih.gov/grants-process/review,2026-09-09T18:05:25.480777+00:00,United States,en,desktop
grant application review,3,4,https://grs.appstate.edu/find-funding/become-peer-reviewer,2026-09-09T18:05:25.480777+00:00,United States,en,desktop
grant application review,4,6,https://goodgrants.com/features/pre-award-features/application-review/,2026-09-09T18:05:25.480777+00:00,United States,en,desktop
grant application review,5,7,https://www.submittable.com/blog/how-to-review-grant-proposals,2026-09-09T18:05:25.480777+00:00,United States,en,desktop
grant application review,6,8,https://www.hrsa.gov/grants/reviewers,2026-09-09T18:05:25.480777+00:00,United States,en,desktop
grant application review,7,9,https://sustainableagriculture.net/take-action/advocacy-toolkit/grant-reviewer/,2026-09-09T18:05:25.480777+00:00,United States,en,desktop
grant application review,8,10,https://www.reviewerregistry.net/,2026-09-09T18:05:25.480777+00:00,United States,en,desktop
grant application review,9,11,https://research.arizona.edu/development/proposal-development/serving-grant-reviewer,2026-09-09T18:05:25.480777+00:00,United States,en,desktop
grant writing cost,1,2,https://www.reddit.com/r/nonprofit/comments/1fmbg2k/grant_writing_consulting_how_much_to_charge/,2026-09-09T18:05:31.215803+00:00,United States,en,desktop
grant writing cost,2,4,https://fundingforgood.org/how-to-determine-grant-writing-fees/,2026-09-09T18:05:31.215803+00:00,United States,en,desktop
grant writing cost,3,5,https://www.learngrantwriting.org/blog/cost-to-hire-a-grant-writer/,2026-09-09T18:05:31.215803+00:00,United States,en,desktop
grant writing cost,4,6,https://www.professionalgrantwriter.org/grant-writer-pay-percentages,2026-09-09T18:05:31.215803+00:00,United States,en,desktop
grant writing cost,5,7,https://grantwritingandfunding.com/how-to-price-your-grant-writing-services/,2026-09-09T18:05:31.215803+00:00,United States,en,desktop
grant writing cost,6,8,https://www.carpenternonprofitconsulting.com/how-much-does-it-cost-to-hire-a-grant-writer,2026-09-09T18:05:31.215803+00:00,United States,en,desktop
grant writing cost,7,9,https://www.grantboost.io/blog/grant-writing-fees/,2026-09-09T18:05:31.215803+00:00,United States,en,desktop
grant writing cost,8,10,https://grantcycle.com/article/calculating-the-true-cost-of-grants,2026-09-09T18:05:31.215803+00:00,United States,en,desktop
grant letter of inquiry example,1,2,https://www.mtu.edu/foundations/grant-writing-guide/letter-of-inquiry/,2026-09-09T18:05:34.956318+00:00,United States,en,desktop
grant letter of inquiry example,2,3,https://www.instrumentl.com/blog/how-to-write-letter-of-inquiries-for-grant-funding,2026-09-09T18:05:34.956318+00:00,United States,en,desktop
grant letter of inquiry example,3,5,https://static1.squarespace.com/static/5734aad586db43fa40b0d352/t/57a8d7d86b8f5b8c65e0c9e3/1470683096885/Sample+letter+of+inquiry.pdf,2026-09-09T18:05:34.956318+00:00,United States,en,desktop
grant letter of inquiry example,4,7,https://learning.candid.org/what-to-include-in-letters-of-inquiry,2026-09-09T18:05:34.956318+00:00,United States,en,desktop
grant letter of inquiry example,5,8,https://www.northwestern.edu/foundationrelations/grant-writing-guide/proposal-resources/letter-of-inquiry/,2026-09-09T18:05:34.956318+00:00,United States,en,desktop
grant letter of inquiry example,6,9,https://proposia.ai/blog/letter-of-inquiry-for-grants,2026-09-09T18:05:34.956318+00:00,United States,en,desktop
grant letter of inquiry example,7,10,https://theahmansonfoundation.org/letter-of-inquiry/,2026-09-09T18:05:34.956318+00:00,United States,en,desktop
grant letter of inquiry example,8,11,https://communityheroes.us/wp-content/uploads/2020/11/Persuasive-LOI-Master-Class-Packet.pdf,2026-09-09T18:05:34.956318+00:00,United States,en,desktop
