record_id,account_name,account_type,sourcing_stream,buyer_lane,geography,niche_tags,current_signal,signal_date,likely_need_hypothesis,front_door_offer,scope_module,relationship_path,budget_or_procurement_evidence,capability_fit_score,current_need_score,budget_path_score,relationship_path_score,delivery_fit_score,total_fit_score,lifecycle_status,outreach_authorized,owner,next_local_step,next_review_date,source_ids,source_urls,access_date,caveats
"OSB-001","Wellness Center for Older Adults (legal filing name Maurice Barnett Geriatric Wellness Center Inc.)","NONPROFIT","NONPROFIT_DIRECT","NONPROFIT_FUNDING_AND_PROPOSAL","Plano and Collin County, Texas","OLDER_ADULTS;CAREGIVER_SUPPORT;COMMUNITY_HEALTH;NONCLINICAL_SERVICES","CFT and Lyda Hill Philanthropies announced a $30,000 capacity grant on 2025-12-18; $15,000 was designated for staff, tools, or expertise, and the executive director described capacity expansion.","2025-12-18","HYPOTHESIS TO TEST: a bounded funding pipeline and pursuit calendar could help diversify future funding after the one-time capacity award.","Nonprofit Funding Pipeline Sprint","NOT_APPLICABLE","The CFT capacity cohort is an evidenced ecosystem link; no Felix-specific relationship or introduction is verified.","The $30,000 award and a $15,000 capacity component are evidenced; no source shows that grant research is selected or funds remain available.","2","1","2","0","2","7","RESEARCH_TARGET","NO","UNASSIGNED","Review funding concentration, current development staffing, the capacity-grant spending plan, and any ethical relationship path.","2026-07-19","OS12","https://www.cftexas.org/lhp-2025;https://www.wellnesscenteronline.org/mission;https://projects.propublica.org/nonprofits/organizations/751839305","2026-07-12","Clinical and counseling services remain outside Wellridge scope; funding research must avoid PHI and clinical program control. Award receipt does not prove outside-consultant demand."
"OSB-002","For Oak Cliff","NONPROFIT","NONPROFIT_DIRECT","NONPROFIT_FUNDING_AND_PROPOSAL","Dallas and South Oak Cliff, Texas","YOUTH;EDUCATION;ECONOMIC_MOBILITY;SCHOOL_ATTENDANCE","CFT announced on 2026-06-24 that For Oak Cliff received a $1 million grant to lead a new $2 million chronic-absenteeism initiative with Dallas ISD, Big Thought, Communities In Schools, and additional partners to be engaged.","2026-06-24","HYPOTHESIS TO TEST: the new backbone role may need a governance map, partner cadence, compliance calendar, deliverable tracker, and reporting framework.","Proposal & Program Operations Support","PROGRAM_LAUNCH_COMPLIANCE","CFT, Dallas ISD, and named initiative partners are public ecosystem links; no Felix-specific relationship is verified.","A $1 million award to For Oak Cliff within a $2 million initiative is evidenced; no contractor line or procurement method is disclosed.","2","1","2","0","1","6","RESEARCH_TARGET","NO","UNASSIGNED","Map governance, partner roles, implementation staffing, grant obligations, allowable outside support, and any ethical relationship path.","2026-07-19","OS13","https://www.cftexas.org/about-cft/blog-and-newsroom/communities-foundation-of-texas-awards-10m-to-advance-education/;https://www.foroakcliff.org/;https://projects.propublica.org/nonprofits/organizations/813768369","2026-07-12","A new funded initiative does not prove an implementation gap, outside-support preference, or available professional-services budget. Community and campus work may require in-person delivery."
"OSB-003","From Ordinary to Extraordinary","NONPROFIT","NONPROFIT_DIRECT","NONPROFIT_FUNDING_AND_PROPOSAL","Dallas and North Texas","WORKFORCE;SURVIVOR_SUPPORT;HOUSING;TRAINING","United Way of Metropolitan Dallas documented GI Bill acceptance, a participant platform, and expansion plans on 2026-04-21; on 2026-04-30 it reported that every 2026 Pitch finalist received at least $25,000.","2026-04-30","HYPOTHESIS TO TEST: GI Bill-enabled growth and multi-track delivery may need an implementation plan, roles map, compliance calendar, participant-tracker design, and aggregate reporting framework.","Proposal & Program Operations Support","PROGRAM_LAUNCH_COMPLIANCE","The United Way Social Innovation Accelerator is an evidenced ecosystem route; no Felix-specific relationship is verified.","At least $25,000 of seed funding and approximately $1.66 million of 2025 IRS-derived revenue are visible; restrictions and outside-support availability are unknown.","2","1","2","0","1","6","RESEARCH_TARGET","NO","UNASSIGNED","Review current staffing, funder restrictions, GI Bill reporting implications, data boundaries, and any ethical relationship path.","2026-07-19","OS14","https://unitedwaydallas.org/updates/meet-the-change-makers-reimagining-the-future-of-north-texas/;https://unitedwaydallas.org/updates/the-pitch-delivers-impact-excitement-and-inspiration/;https://projects.propublica.org/nonprofits/organizations/320409527","2026-07-12","No participant chasing, clinical care, legal advice, or sensitive-data handling without defined controls. Seed funding and operating revenue do not establish a consulting budget."
"OSB-004","United to Learn","NONPROFIT","NONPROFIT_DIRECT","NONPROFIT_FUNDING_AND_PROPOSAL","Dallas, Texas","K3_LITERACY;TEACHER_PIPELINE;TITLE_I_SCHOOLS;TRAINING","CFT announced a $250,000 grant on 2026-06-24 to expand Team Thrive and Aspiring Teachers across more than 30 Title I Dallas ISD campuses.","2026-06-24","HYPOTHESIS TO TEST: expansion may need implementation governance, partner and tutor calendars, milestone tracking, and grant-reporting support.","Proposal & Program Operations Support","PROGRAM_LAUNCH_COMPLIANCE","CFT and Dallas ISD are public ecosystem links; no Felix-specific relationship is verified.","A $250,000 award and approximately $5.77 million of 2025 IRS-derived revenue are visible; no external-service line is shown.","2","1","2","0","1","6","RESEARCH_TARGET","NO","UNASSIGNED","Inspect organization structure, careers, implementation materials, restrictions, and existing operations/reporting capacity.","2026-07-19","OS13","https://www.cftexas.org/about-cft/blog-and-newsroom/communities-foundation-of-texas-awards-10m-to-advance-education/;https://www.unitedtolearn.org/aspiring-teachers/;https://projects.propublica.org/nonprofits/organizations/822121965","2026-07-12","A mature organization may already have the needed capacity. Youth and campus work requires bounded administrative scope and appropriate privacy controls."
"OSB-005","Restorative Farms","NONPROFIT","NONPROFIT_DIRECT","NONPROFIT_FUNDING_AND_PROPOSAL","South Dallas, Texas","FOOD_ACCESS;WORKFORCE;REENTRY;COMMUNITY_PROGRAMS","United Way of Metropolitan Dallas described a planned hub-and-spoke expansion in 2026 Accelerator materials and reported on 2026-04-30 that every Pitch finalist received at least $25,000.","2026-04-30","HYPOTHESIS TO TEST: a funded expansion site may need partner governance, launch cadence, milestones, and reporting separate from agricultural and field operations.","Proposal & Program Operations Support","PROGRAM_LAUNCH_COMPLIANCE","The United Way Accelerator is an evidenced ecosystem route; no Felix-specific relationship is verified.","At least $25,000 of seed funding is evidenced; IRS-derived filings show a small organization and a fiscal-year transition that requires careful interpretation.","2","1","1","0","1","5","WATCH_ACCOUNT","NO","UNASSIGNED","Identify the funded expansion site, partner roster, implementation owner, grant restrictions, and current operating scale.","2026-07-26","OS14","https://unitedwaydallas.org/updates/meet-the-change-makers-reimagining-the-future-of-north-texas/;https://unitedwaydallas.org/updates/the-pitch-delivers-impact-excitement-and-inspiration/;https://projects.propublica.org/nonprofits/organizations/843267808","2026-07-12","Wellridge must not own agriculture, construction, food production, or field operations. Seed funding may be too small for the hypothesized scope."
"OSB-006","#TeenWritersProject","NONPROFIT","NONPROFIT_DIRECT","NONPROFIT_FUNDING_AND_PROPOSAL","Dallas and North Texas","YOUTH_LITERACY;CREATIVE_CAREERS;SCHOOL_PARTNERSHIPS;PUBLISHING","United Way of Metropolitan Dallas documented planned local school and partner expansion in 2026 Accelerator materials and reported on 2026-04-30 that every Pitch finalist received at least $25,000.","2026-04-30","HYPOTHESIS TO TEST: local expansion may need a partner-onboarding map, school calendar, deliverable tracker, and reporting system.","Proposal & Program Operations Support","PROGRAM_LAUNCH_COMPLIANCE","The United Way Accelerator is an evidenced ecosystem route; no Felix-specific relationship is verified.","At least $25,000 of seed funding is evidenced; 2024 IRS-derived revenue was approximately $27,000, so affordability is a material concern.","2","1","1","0","1","5","WATCH_ACCOUNT","NO","UNASSIGNED","Confirm current budget, staffing, school agreements, grant restrictions, privacy obligations, and whether only a very narrow module is plausible.","2026-07-26","OS14","https://unitedwaydallas.org/updates/meet-the-change-makers-reimagining-the-future-of-north-texas/;https://unitedwaydallas.org/updates/the-pitch-delivers-impact-excitement-and-inspiration/;https://www.teenwritersproject.org/;https://projects.propublica.org/nonprofits/organizations/834475042","2026-07-12","Youth privacy, school requirements, and affordability are material. Seed funding does not establish a professional-services budget."
"OSB-007","Communities In Schools of the Dallas Region","NONPROFIT","NONPROFIT_DIRECT","NONPROFIT_FUNDING_AND_PROPOSAL","Dallas and 11 North Texas school districts","SCHOOL_SUPPORT;DROPOUT_PREVENTION;GRANT_COMPLIANCE;OPERATIONAL_INFRASTRUCTURE","CFT announced a $600,000 grant on 2026-06-24 for site and clinical coordinators, program delivery, and operational infrastructure; the IRS-derived single-audit summary for the year ended August 2025 reports material noncompliance and a material weakness.","2026-06-24","HYPOTHESIS TO TEST: a narrow compliance calendar or document-control remediation need may exist, but the exact audit finding and corrective-action owner must be understood first.","Proposal & Program Operations Support","PROGRAM_LAUNCH_COMPLIANCE","CFT and Dallas ISD are public ecosystem links; no Felix-specific relationship is verified.","A $600,000 award and approximately $10.28 million of 2024 revenue are evidenced; no source authorizes outside remediation support.","2","1","2","0","1","6","HOLD","NO","UNASSIGNED","Obtain the audit, identify the exact finding and corrective-action plan, and separate operational support from accounting, legal, audit, or clinical responsibility.","2026-07-19","OS13","https://www.cftexas.org/about-cft/blog-and-newsroom/communities-foundation-of-texas-awards-10m-to-advance-education/;https://cisdallas.org/overview/;https://projects.propublica.org/nonprofits/organizations/752044117","2026-07-12","Do not use an audit issue as a sales hook or infer wrongdoing. Clinical coordination, accounting advice, legal advice, and audit remediation are outside Wellridge competence unless qualified owners are engaged."
"OSB-008","Maximus","ESTABLISHED_PRIME","CONSULTANT_AND_PRIME_PARTNER","PUBLIC_SECTOR_PROPOSAL_AND_PROGRAM_OPERATIONS","Texas and United States","HEALTH_AND_HUMAN_SERVICES;ELIGIBILITY;PROGRAM_OPERATIONS;PROPOSAL_OPERATIONS","Texas LBB FY2026 Q1 reporting shows major HHSC contract scale; Maximus reported $913 million of signed awards and $1.48 billion of proposals in preparation on 2026-05-07.","2026-05-07","HYPOTHESIS TO TEST: a named health or human-services pursuit may need bounded solicitation analysis, a compliance matrix, proposal calendar, attachment and partner coordination, and submission QA.","Proposal & Program Operations Support","PROPOSAL_SPRINT","Maximus operates a Small Business and Strategic Partnership Office and online network; registration is an external action and is not authorized.","Current Texas contract scale and a large active proposal pipeline are evidenced; no Wellridge-specific pursuit, package, or budget is evidenced.","2","1","2","2","1","8","RESEARCH_TARGET","NO","UNASSIGNED","Inspect relevant Texas contract amendments and pursuits, isolate a non-PHI work package, and document supplier-readiness, proof, formation, and insurance gaps without registering.","2026-07-19","OS15","https://www.lbb.texas.gov/Documents/Instructions/Contracts/9424_2026_Q1_10Percent_Summary_Memo.pdf;https://investor.maximus.com/news-events/press-releases/detail/585/maximus-reports-fiscal-year-2026-second-quarter-results;https://maximus.com/federal-government/small-business-and-strategic-partnership-office.html","2026-07-12","A partnership database and prime pipeline do not prove demand. Eligibility decisions, solution architecture, sensitive data, and large-scale operations are outside the hypothesized work package."
"OSB-009","American Institutes for Research","ESTABLISHED_PRIME","CONSULTANT_AND_PRIME_PARTNER","PUBLIC_SECTOR_PROPOSAL_AND_PROGRAM_OPERATIONS","Texas and United States","EDUCATION;PARENT_ENGAGEMENT;TEACHER_TRAINING;PROGRAM_EVALUATION","AIR states that the first MITOS school cohort will begin in fall 2026 with parent workshops and teacher training; AIR also provides a formal business-partner route.","FALL_2026_PLANNED","HYPOTHESIS TO TEST: a defined DFW cohort may need workshop logistics, school-partner coordination, document control, and evaluation evidence-file support.","Proposal & Program Operations Support","PROGRAM_LAUNCH_COMPLIANCE","AIR provides a formal Business Partner Request Form and Small Business Liaison route; no submission or registration is authorized.","A funded multi-institution project and partner process are evidenced, but the award value and a Wellridge-sized work package are not published.","2","1","1","2","2","8","RESEARCH_TARGET","NO","UNASSIGNED","Locate funding and role-split documents; verify DFW school participation, who owns logistics, supplier prerequisites, and any current bounded package.","2026-07-19","OS16","https://www.air.org/project/meaningful-interactions-using-technology-outside-school-mitos-research-based-approach-early;https://www.air.org/working-air/partner-us","2026-07-12","AIR is the evaluation partner; workshops or logistics may belong to UT Austin or SMU. Formal partner intake is not demand."
"OSB-010","Mathematica","ESTABLISHED_PRIME","CONSULTANT_AND_PRIME_PARTNER","PUBLIC_SECTOR_PROPOSAL_AND_PROGRAM_OPERATIONS","United States; Texas work to verify","BEHAVIORAL_HEALTH;WORKFORCE;GRANT_PERFORMANCE;REPORTING","Current 2026 pages describe continuing HHS grant-performance, behavioral-health, workforce, and SAMHSA reporting work supporting more than 2,000 grants.","2026_CURRENT_PAGES","HYPOTHESIS TO TEST: a named grantee subset may need a deliverable calendar, reporting-production QA, evidence files, document control, and nonclinical partner coordination.","Proposal & Program Operations Support","PROGRAM_LAUNCH_COMPLIANCE","Mathematica publishes a Small Business Subcontracting Program and partnership channel; no contact or registration is authorized.","Current federal work and contract vehicles are evidenced; no Texas/local work package or budget is identified.","2","1","2","2","1","8","RESEARCH_TARGET","NO","UNASSIGNED","Map current task orders and subcontracts to Texas or community implementation work; identify small-business requirements and keep analytics authority outside scope.","2026-07-26","OS17","https://www.mathematica.org/features/improving-public-well-being-through-integrated-data-technology-and-evidence;https://www.mathematica.org/projects/samhsa-performance-accountability-and-reporting-system;https://mathematica.org/about-mathematica/work-with-us","2026-07-12","Visible work is data, research, evaluation, and technology heavy. Wellridge cannot claim analytics, clinical, or research authority."
"OSB-011","RTI International","ESTABLISHED_PRIME","CONSULTANT_AND_PRIME_PARTNER","PUBLIC_SECTOR_PROPOSAL_AND_PROGRAM_OPERATIONS","United States; Texas work to verify","TRAINING_AND_TECHNICAL_ASSISTANCE;WORKFORCE;GRANTEE_SUPPORT;COHORT_LOGISTICS","RTI documented large PREP and SRAE grantee technical-assistance cohorts on 2025-06-17 and states that its small-business program seeks suppliers early in business-development and proposal phases.","2025-06-17","HYPOTHESIS TO TEST: a specific grantee cohort or pursuit may need session logistics, compliance calendars, partner follow-up, and records or document QA.","Proposal & Program Operations Support","PROGRAM_LAUNCH_COMPLIANCE","RTI operates a formal supplier gateway and small-business program; no registration is authorized.","Active technical-assistance delivery and a supplier process are evidenced; no Texas-specific package or budget is shown.","2","1","1","2","1","7","RESEARCH_TARGET","NO","UNASSIGNED","Map active task orders to Texas/community fieldwork and inspect current supplier opportunities for a bounded nontechnical package.","2026-07-26","OS18","https://www.rti.org/insights/individual-training-technical-assistance-community-impact;https://www.rti.org/small-business-opportunities;https://www.rti.org/workforce-development","2026-07-12","Current visible supplier opportunities are mostly overseas or technical. Supplier access does not prove a work package or selection."
"OSB-012","Freese and Nichols","ESTABLISHED_PRIME","CONSULTANT_AND_PRIME_PARTNER","PUBLIC_SECTOR_PROPOSAL_AND_PROGRAM_OPERATIONS","Fort Worth and North Texas","STAKEHOLDER_ENGAGEMENT;PROJECT_COORDINATION;PUBLIC_MEETINGS;DOCUMENT_CONTROL","NCTCOG identified Freese and Nichols as an active consultant on a transportation and stormwater infrastructure study continuing through fall 2026, with public project-update and breakout meetings.","2026-03-03","HYPOTHESIS TO TEST: a future named planning task may need stakeholder-meeting logistics, agenda/action/records control, deliverable tracking, and public-comment evidence files.","Proposal & Program Operations Support","PROGRAM_LAUNCH_COMPLIANCE","A public company channel and historic TxDOT mentor-program participation are visible; no current supplier route or warm path is verified.","NCTCOG records show active consultant work and a prior award up to $975,000; no unassigned work package or budget is evidenced.","2","1","2","1","1","7","RESEARCH_TARGET","NO","UNASSIGNED","Inspect the public SOW and contract to determine assigned roles; monitor future engagement task orders and keep all engineering authority outside scope.","2026-07-26","OS19","https://www.nctcog.org/getContentAsset/97b375d7-3099-4b45-8f09-82eb3b53a4ce/dfc3d011-8f63-43f6-9ed8-4b444333a1d0/Watershed-Stakeholders-Pres-3-3-26.pdf?language=en-US;https://www.nctcog.org/getmedia/e5c741e6-16a3-42b7-a563-b6b0af37082d/2024-04-COMPLETE-Agenda.pdf?ext=.pdf;https://www.freese.com/news/freese-and-nichols-selected-as-txdot-drive-program-mentor/","2026-07-12","The active project may be fully staffed. Engineering, technical analysis, and material field burden remain outside Wellridge-owned scope."
"OSB-013","CCS Fundraising","CONSULTANT_PARTNER","CONSULTANT_AND_PRIME_PARTNER","NONPROFIT_FUNDING_AND_PROPOSAL","Dallas-Fort Worth and Texas","FUNDRAISING;CAMPAIGNS;NONPROFIT_CONSULTING;PROPOSAL_PRODUCTION","A Dallas Regional Chamber profile dated 2026-06-29 described 40 Texas clients in 2025 and a Dallas office; CCS currently lists a DFW consultant opening.","2026-06-29","HYPOTHESIS TO TEST: a peak-workload client project might need white-label government or foundation proposal compliance and production separate from donor and campaign counsel.","Proposal & Program Operations Support","PROPOSAL_SPRINT","A public company channel and Dallas Regional Chamber presence are visible; no supplier, referral, or warm path is verified.","A mature Texas client base and active hiring are visible; no outsourcing budget or partner request is evidenced.","1","1","1","1","2","6","HOLD","NO","UNASSIGNED","Map institutional-giving and proposal capabilities, service overlap, client-conflict rules, and any ethical relationship path before a partner-fit review.","2026-07-26","OS20","https://www.dallaschamber.org/blog/member-spotlight-ccs-fundraising/;https://www.ccsfundraising.com/about-us/current-job-openings/;https://www.ccsfundraising.com/capabilities/","2026-07-12","Significant overlap and in-house hiring point toward internal delivery. Do not prioritize without a specific complementary capacity gap."
"OSB-014","City of Dallas — Eviction Advocacy Program re-solicitation","AGENCY_WATCH","SELECTIVE_AGENCY_WATCH","PUBLIC_SECTOR_PROPOSAL_AND_PROGRAM_OPERATIONS","Dallas, Texas","HOUSING_STABILITY;PROGRAM_ADMINISTRATION;LEGAL_SERVICES_PARTNER;REPORTING","Dallas City Council authorized rejection of prior proposals and re-advertisement with revised service requirements, capacity expectations, and performance measures on 2026-06-24.","2026-06-24","HYPOTHESIS TO TEST: a revised procurement may separate implementation planning, compliance calendars, partner coordination, deliverable tracking, or aggregate reporting from legal advocacy.","Proposal & Program Operations Support","PROGRAM_LAUNCH_COMPLIANCE","A public re-procurement route is evidenced; no warm path is verified and the revised solicitation is not yet posted.","A prior one-year contract structure with a renewal option is described; the budget is not disclosed.","1","2","1","1","1","6","WATCH_ACCOUNT","NO","UNASSIGNED","Monitor the Dallas solicitation portal, retrieve the revised packet, resolve the identifier conflict, and determine whether administration is separable from legal services.","2026-07-17","OS21","https://cityofdallas.legistar.com/LegislationDetail.aspx?G=FA9AD36F-9FB5-4633-8A99-4487E4A1114C&GUID=1718059D-164C-4426-B14F-9586218B5F92&ID=8069729&Options=&Search=;https://dallascityhall.com/government/citymanager/Documents/FY25-26%20Memos/Council%20Memos_06182026.pdf","2026-07-12","Official records conflict between BEZ26-00029663 and BEZ25-00029663. Eviction law, tenant representation, housing counseling, and direct advocacy require qualified owners."
"OSB-015","Texas Education Agency — 2026–2028 Local Accountability Plan Grant awardee watch","AGENCY_WATCH","SELECTIVE_AGENCY_WATCH","PUBLIC_SECTOR_PROPOSAL_AND_PROGRAM_OPERATIONS","Texas; North Texas awardees to identify","EDUCATION_ACCOUNTABILITY;STAKEHOLDER_ENGAGEMENT;SYSTEMS_DEVELOPMENT;REPORTING","TEA announced the grant in May 2026; applications closed 2026-06-26 and the project period begins 2026-07-29 with funded planning, engagement, systems, implementation, and reporting.","2026-05-07","HYPOTHESIS TO TEST: named North Texas awardees may need bounded workplans, engagement operations, calendars, meeting logistics, document control, and reporting coordination.","Proposal & Program Operations Support","PROGRAM_LAUNCH_COMPLIANCE","TEA provides a public grant and award route; no awardee, buyer, or warm path is yet identified.","Approximately $5 million across about 20 awards and an expected $250,000 per school system are described; this is program funding, not Wellridge contract value.","2","1","2","1","2","8","WATCH_ACCOUNT","NO","UNASSIGNED","Monitor the award notice after July 29, identify North Texas recipients, and verify whether cash funds permit outside implementation support.","2026-07-30","OS22","https://tea.texas.gov/taa-letters/local-accountability-plan-grant","2026-07-12","Accountability-model design, statistical validity, and education-data authority require qualified specialists. No named buyer or outside-support need exists yet."
"OSB-016","Tarrant County — FY27 Community Outreach Fund awardee watch","AGENCY_WATCH","SELECTIVE_AGENCY_WATCH","PUBLIC_SECTOR_PROPOSAL_AND_PROGRAM_OPERATIONS","Tarrant County, Texas","BEHAVIORAL_HEALTH;SUBSTANCE_RECOVERY;HUMAN_SERVICES;GRANT_REPORTING","Tarrant County announced a $970,000 FY27 fund on 2026-05-18; prequalification closed May 29, invitations were scheduled June 10, and the grant term begins 2026-10-01.","2026-05-18","HYPOTHESIS TO TEST: named awardees may need award setup, implementation workplans, compliance and reporting calendars, evidence files, and aggregate performance tracking.","Proposal & Program Operations Support","PROGRAM_LAUNCH_COMPLIANCE","The county grant process is public; direct entry is closed and no awardee or warm path is identified.","The $970,000 pool includes about $670,000 for substance-recovery-adjacent work and $300,000 for broader human services; payments are monthly reimbursements after approved invoices.","2","1","2","1","2","8","WATCH_ACCOUNT","NO","UNASSIGNED","Monitor Commissioners Court packets for award approvals and convert named recipients into nonprofit-direct research records.","2026-08-01","OS23","https://www.tarrantcountytx.gov/content/main/en/news/2026/tarrant-county-grant-risk-assessment-community-outreach-fund---f.html","2026-07-12","Grant-pool figures are not Wellridge revenue. Clinical care, case management, treatment decisions, and licensed services remain partner-owned or prohibited."
"OSB-017","City of Dallas — FY2026–27 HUD Consolidated Plan","AGENCY_WATCH","SELECTIVE_AGENCY_WATCH","PUBLIC_SECTOR_PROPOSAL_AND_PROGRAM_OPERATIONS","Dallas, Texas","HUD_PROGRAMS;SUBRECIPIENT_COORDINATION;PUBLIC_ENGAGEMENT;REPORTING","Dallas approved the final FY2026–27 HUD Consolidated Plan budget on 2026-06-24.","2026-06-24","HYPOTHESIS TO TEST: named subrecipients or future procurements may need bounded grant-operating systems, calendars, coordination, document control, engagement logistics, or aggregate reporting support.","Proposal & Program Operations Support","PROGRAM_LAUNCH_COMPLIANCE","City legislation and future procurement routes are public; no named buyer, subrecipient gap, or warm path is established.","The adopted plan totals approximately $30.46 million across CDBG, HOME, ESG, HOPWA, and program income; these are program funds, not a Wellridge contract ceiling.","2","1","2","1","1","7","WATCH_ACCOUNT","NO","UNASSIGNED","Review Schedule A for named subrecipients and competitive procurements; separate funded operators from program totals and verify current gaps.","2026-07-19","OS24","https://cityofdallas.legistar.com/LegislationDetail.aspx?G=FA9AD36F-9FB5-4633-8A99-4487E4A1114C&GUID=D6A758BF-0441-4AB2-BD78-7014BA9E76D8&ID=8069199&Options=&Search=","2026-07-12","HUD compliance interpretation, housing development, legal services, direct homeless or HIV services, and clinical decisions require qualified owners."
"OSB-018","Texas Tech University Health Sciences Center — Collaborative Care Model 739-SL3794313","AGENCY_WATCH","SELECTIVE_AGENCY_WATCH","PUBLIC_SECTOR_PROPOSAL_AND_PROGRAM_OPERATIONS","Texas","BEHAVIORAL_HEALTH;COLLABORATIVE_CARE;TRAINING;CLINICAL_IMPLEMENTATION","Texas SmartBuy shows the solicitation posted 2026-06-10, modified by addendum 2026-07-02, and due 2026-07-16 at 4:30 p.m.","2026-06-10","HYPOTHESIS TO TEST: future team-only work could include nonclinical implementation planning, training logistics, workflow documentation, meeting cadence, and reporting control under a qualified clinical lead.","NO_FIT_CURRENT_EVIDENCE","FUTURE_CONDITIONAL_PROGRAM_LAUNCH_COMPLIANCE","A public solicitation route exists; no relationship, formed bidder, qualified clinical lead, or partner structure is established.","No ceiling is disclosed in the public notice.","1","2","1","0","0","4","DISQUALIFIED","NO","UNASSIGNED","Archive the current solicitation after the deadline and retain it only as an archetype for identifying qualified clinical-implementation primes.","2026-07-17","OS25","https://www.txsmartbuy.gov/esbd/739-SL3794313","2026-07-12","Compressed timing, clinical centrality, formation/readiness gaps, and no partner structure make the current direct bid unsuitable. No clinical judgment or treatment-protocol ownership."
"OSB-019","Texas HHSC — Enrollment Broker Operations HHS0016867","AGENCY_WATCH","SELECTIVE_AGENCY_WATCH","PUBLIC_SECTOR_PROPOSAL_AND_PROGRAM_OPERATIONS","Texas","ENROLLMENT;CLIENT_OUTREACH;PROGRAM_OPERATIONS;DATA_SECURITY","The HHSC procurement forecast dated 2026-07-10 lists an estimated July 2026 RFP for statewide enrollment-broker operations.","2026-07-10","HYPOTHESIS TO TEST: the eventual prime may have a bounded outreach-production, implementation-documentation, stakeholder-calendar, or reporting-QA package.","NO_FIT_CURRENT_EVIDENCE","FUTURE_CONDITIONAL_PROGRAM_LAUNCH_COMPLIANCE","A public forecast and future ESBD route are evidenced; no prime, warm path, or supplier request is identified.","The forecast covers major procurements of $5 million or more; that threshold is not this contract's disclosed ceiling or guaranteed value.","1","2","1","0","0","4","WATCH_ACCOUNT","NO","UNASSIGNED","Monitor ESBD for the controlling RFP and identify the eventual prime or teaming structure without assuming a direct Wellridge role.","2026-07-17","OS26","https://apps.hhs.texas.gov/procurement-calendar/procurement-forecast.pdf","2026-07-12","Call-center operations, enrollment systems, fund management, data security, and statewide delivery are outside launch capacity. Direct bid posture is NO-BID."
"OSB-020","Texas DSHS — Ryan White/HOPWA Administrative Agency East Texas HHS0016961","AGENCY_WATCH","SELECTIVE_AGENCY_WATCH","PUBLIC_SECTOR_PROPOSAL_AND_PROGRAM_OPERATIONS","East Texas","HIV_PROGRAMS;GRANT_ADMINISTRATION;SUBRECIPIENTS;REPORTING","The HHS procurement forecast dated 2026-07-10 lists an estimated July 2026 RFA to administer funds and select service subcontractors.","2026-07-10","HYPOTHESIS TO TEST: an experienced HIV administrative entity may need bounded compliance calendars, subrecipient document control, reporting coordination, or partner-convening support.","Proposal & Program Operations Support","PROGRAM_LAUNCH_COMPLIANCE","A public forecast and future RFA route are evidenced; no eligible lead, warm path, or supplier request is identified.","The entry does not disclose an award amount; the forecast's general major-grant threshold is not an opportunity ceiling.","1","2","1","1","1","6","WATCH_ACCOUNT","NO","UNASSIGNED","Monitor the RFA, test eligibility and geography, identify the qualified HIV-program owner, and isolate any bounded back-office package.","2026-07-17","OS26","https://apps.hhs.texas.gov/procurement-calendar/procurement-forecast.pdf","2026-07-12","HIV program leadership, clinical/provider oversight, eligibility, and direct services require qualified owners. Team-only or hold until the controlling RFA is reviewed."
"OSB-021","Texas DFPS — Community-Based Care Regions 7A/7B HHS0016842","AGENCY_WATCH","SELECTIVE_AGENCY_WATCH","PUBLIC_SECTOR_PROPOSAL_AND_PROGRAM_OPERATIONS","Central Texas and Capital Area","CHILD_WELFARE;NETWORK_DEVELOPMENT;COMMUNITY_ENGAGEMENT;REPORTING","The HHS procurement forecast dated 2026-07-10 lists an updated September 2026 RFA for a Single Source Continuum Contractor; DFPS confirms Regions 7A and 7B are not yet implemented.","2026-07-10","HYPOTHESIS TO TEST: the eventual SSCC may have a bounded network-administration, engagement-logistics, implementation-workplan, partner-coordination, or document-control package.","NO_FIT_CURRENT_EVIDENCE","FUTURE_CONDITIONAL_PROGRAM_LAUNCH_COMPLIANCE","A public forecast and future RFA route are evidenced; no SSCC, warm path, or supplier request is identified.","No award amount is disclosed.","1","2","1","1","0","5","WATCH_ACCOUNT","NO","UNASSIGNED","Monitor the RFA and eventual award; identify the SSCC and consider only a genuinely bounded administrative package after readiness review.","2026-08-15","OS26","https://apps.hhs.texas.gov/procurement-calendar/procurement-forecast.pdf;https://www.dfps.texas.gov/CBC/community-areas/;https://dfps.texas.gov/CBC/expanding-cbc/","2026-07-12","Foster-care placement, child-welfare case decisions, licensed services, 24/7 delivery, and SSCC financial/performance risk are outside Wellridge scope. Direct bid posture is NO-BID."
